model,,IC,K,z
Momentum,2013-01-31,0.2571428571428572,6.0,0.574988908499946
Momentum,2013-02-28,0.25,7.0,0.6123724356957945
Momentum,2013-03-31,0.3214285714285715,7.0,0.7873359887517359
Momentum,2013-04-30,0.39285714285714296,7.0,0.9622995418076773
Momentum,2013-05-31,0.3571428571428572,7.0,0.8748177652797066
Momentum,2013-06-30,0.25,7.0,0.6123724356957945
Momentum,2013-07-31,-0.6785714285714287,7.0,-1.6621537540314424
Momentum,2013-08-31,0.7142857142857144,7.0,1.7496355305594131
Momentum,2013-09-30,0.8571428571428573,7.0,2.099562636671296
Momentum,2013-10-31,0.8928571428571429,7.0,2.187044413199266
Momentum,2013-11-30,0.8571428571428573,7.0,2.099562636671296
Momentum,2013-12-31,-0.8571428571428573,7.0,-2.099562636671296
Momentum,2014-01-31,0.28571428571428575,7.0,0.6998542122237652
Momentum,2014-02-28,-0.07142857142857144,7.0,-0.1749635530559413
Momentum,2014-03-31,0.1785714285714286,7.0,0.4374088826398533
Momentum,2014-04-30,0.7857142857142859,7.0,1.9245990836153546
Momentum,2014-05-31,0.10714285714285716,7.0,0.262445329583912
Momentum,2014-06-30,-0.42857142857142866,7.0,-1.049781318335648
Momentum,2014-07-31,0.21428571428571433,7.0,0.524890659167824
Momentum,2014-08-31,0.07142857142857144,7.0,0.1749635530559413
Momentum,2014-09-30,0.8928571428571429,7.0,2.187044413199266
Momentum,2014-10-31,0.9285714285714288,7.0,2.2745261897272373
Momentum,2014-11-30,0.28571428571428575,7.0,0.6998542122237652
Momentum,2014-12-31,0.14285714285714288,7.0,0.3499271061118826
Momentum,2015-01-31,-0.42857142857142866,7.0,-1.049781318335648
Momentum,2015-02-28,0.42857142857142866,7.0,1.049781318335648
Momentum,2015-03-31,-0.7500000000000002,7.0,-1.8371173070873839
Momentum,2015-04-30,-0.10714285714285716,7.0,-0.262445329583912
Momentum,2015-05-31,-0.28571428571428575,7.0,-0.6998542122237652
Momentum,2015-06-30,0.42857142857142866,7.0,1.049781318335648
Momentum,2015-07-31,-0.3214285714285715,7.0,-0.7873359887517359
Momentum,2015-08-31,0.9285714285714288,7.0,2.2745261897272373
Momentum,2015-09-30,-0.8571428571428573,7.0,-2.099562636671296
Momentum,2015-10-31,0.7857142857142859,7.0,1.9245990836153546
Momentum,2015-11-30,0.28571428571428575,8.0,0.7559289460184546
Momentum,2015-12-31,0.14285714285714288,8.0,0.3779644730092273
Momentum,2016-01-31,-0.023809523809523815,8.0,-0.06299407883487122
Momentum,2016-02-29,-0.8095238095238096,8.0,-2.1417986803856213
Momentum,2016-03-31,-0.2380952380952381,8.0,-0.6299407883487121
Momentum,2016-04-30,-0.5952380952380953,8.0,-1.5748519708717805
Momentum,2016-05-31,0.6904761904761906,8.0,1.8268282862112653
Momentum,2016-06-30,-0.4285714285714286,8.0,-1.133893419027682
Momentum,2016-07-31,-0.6904761904761906,8.0,-1.8268282862112653
Momentum,2016-08-31,-0.4761904761904762,8.0,-1.2598815766974243
Momentum,2016-09-30,-0.5952380952380953,8.0,-1.5748519708717805
Momentum,2016-10-31,0.15,9.0,0.4242640687119285
Momentum,2016-11-30,0.6,9.0,1.697056274847714
Momentum,2016-12-31,-0.38333333333333336,9.0,-1.084230397819373
Momentum,2017-01-31,0.16666666666666669,9.0,0.4714045207910318
Momentum,2017-02-28,0.21666666666666667,9.0,0.6128258770283412
Momentum,2017-03-31,0.18333333333333335,9.0,0.5185449728701349
Momentum,2017-04-30,0.43333333333333335,9.0,1.2256517540566825
Momentum,2017-05-31,0.5333333333333333,9.0,1.5084944665313014
Momentum,2017-06-30,0.21666666666666667,9.0,0.6128258770283412
Momentum,2017-07-31,-0.5833333333333334,9.0,-1.649915822768611
Momentum,2017-08-31,0.5166666666666667,9.0,1.4613540144521984
Momentum,2017-09-30,0.7,9.0,1.9798989873223332
Momentum,2017-10-31,0.75,9.0,2.121320343559643
Momentum,2017-11-30,0.15,9.0,0.4242640687119285
Momentum,2017-12-31,0.9166666666666666,9.0,2.592724864350674
Momentum,2018-01-31,-0.18333333333333335,9.0,-0.5185449728701349
Momentum,2018-02-28,-0.8499999999999999,9.0,-2.4041630560342613
Momentum,2018-03-31,0.8333333333333333,9.0,2.3570226039551585
Momentum,2018-04-30,0.45,9.0,1.2727922061357857
Momentum,2018-05-31,-0.21666666666666667,9.0,-0.6128258770283412
Momentum,2018-06-30,0.6,9.0,1.697056274847714
Momentum,2018-07-31,0.8166666666666667,9.0,2.3098821518760553
Momentum,2018-08-31,0.35,9.0,0.9899494936611666
Momentum,2018-09-30,-0.8333333333333333,9.0,-2.3570226039551585
Momentum,2018-10-31,0.016666666666666666,9.0,0.04714045207910317
Momentum,2018-11-30,-0.31666666666666665,9.0,-0.8956685895029602
Momentum,2018-12-31,-0.5499999999999999,9.0,-1.5556349186104044
Momentum,2019-01-31,-0.6333333333333333,9.0,-1.7913371790059205
Momentum,2019-02-28,0.21666666666666667,9.0,0.6128258770283412
Momentum,2019-03-31,0.31666666666666665,9.0,0.8956685895029602
Momentum,2019-04-30,-0.3666666666666667,9.0,-1.0370899457402698
Momentum,2019-05-31,-0.16666666666666669,9.0,-0.4714045207910318
Momentum,2019-06-30,0.75,9.0,2.121320343559643
Momentum,2019-07-31,0.48333333333333334,9.0,1.367073110293992
Momentum,2019-08-31,-0.6666666666666667,9.0,-1.8856180831641272
Momentum,2019-09-30,-0.06666666666666667,9.0,-0.18856180831641267
Momentum,2019-10-31,-0.16666666666666669,9.0,-0.4714045207910318
Momentum,2019-11-30,0.11666666666666665,9.0,0.3299831645537222
Momentum,2019-12-31,-0.19999999999999998,9.0,-0.565685424949238
Momentum,2020-01-31,-0.2333333333333333,9.0,-0.6599663291074443
Momentum,2020-02-29,0.6666666666666667,9.0,1.8856180831641272
Momentum,2020-03-31,-0.13333333333333333,9.0,-0.37712361663282534
Momentum,2020-04-30,-0.6833333333333333,9.0,-1.9327585352432302
Momentum,2020-05-31,0.06666666666666665,10.0,0.19999999999999996
Momentum,2020-06-30,0.4090909090909091,11.0,1.2936590427961554
Momentum,2020-07-31,0.13636363636363638,11.0,0.4312196809320518
Momentum,2020-08-31,-0.3727272727272728,11.0,-1.1786671278809417
Momentum,2020-09-30,-0.5439560439560439,13.0,-1.884319010432075
Momentum,2020-10-31,0.21978021978021978,13.0,0.76134101431599
Momentum,2020-11-30,0.4230769230769231,13.0,1.4655814525582807
Momentum,2020-12-31,0.33516483516483514,13.0,1.1610450468318847
Momentum,2021-01-31,0.521978021978022,13.0,1.8081849090004762
Momentum,2021-02-28,0.7307692307692307,13.0,2.5314588726006666
Momentum,2021-03-31,0.24175824175824176,13.0,0.8374751157475889
Momentum,2021-04-30,0.3021978021978022,13.0,1.0468438946844862
Momentum,2021-05-31,-0.0934065934065934,13.0,-0.3235699310842957
Momentum,2021-06-30,-0.2857142857142857,13.0,-0.9897433186107869
Momentum,2021-07-31,0.2967032967032967,13.0,1.0278103693265865
Momentum,2021-08-31,-0.18131868131868134,13.0,-0.6281063368106918
Momentum,2021-09-30,0.6263736263736264,13.0,2.1698218908005713
Momentum,2021-10-31,-0.5824175824175823,13.0,-2.017553687937373
Momentum,2021-11-30,0.3516483516483516,13.0,1.2181456229055838
Momentum,2021-12-31,-0.2747252747252747,13.0,-0.9516762678949874
Momentum,2022-01-31,0.12087912087912088,13.0,0.41873755787379446
Momentum,2022-02-28,0.43956043956043955,13.0,1.52268202863198
Momentum,2022-03-31,0.38461538461538464,13.0,1.3323467750529825
Momentum,2022-04-30,0.14835164835164835,13.0,0.5139051846632933
Momentum,2022-05-31,0.021978021978021976,13.0,0.07613410143159899
Momentum,2022-06-30,-0.6868131868131868,13.0,-2.3791906697374685
Momentum,2022-07-31,0.7417582417582418,13.0,2.5695259233164665
Momentum,2022-08-31,0.6813186813186813,13.0,2.360157144379569
Momentum,2022-09-30,-0.09890109890109891,13.0,-0.34260345644219553
Momentum,2022-10-31,-0.6703296703296703,13.0,-2.3220900936637694
Momentum,2022-11-30,0.06043956043956044,13.0,0.20936877893689723
Momentum,2022-12-31,-0.21428571428571427,13.0,-0.7423074889580902
Momentum,2023-01-31,-0.15934065934065936,13.0,-0.5519722353790928
Momentum,2023-02-28,-0.6648351648351648,13.0,-2.3030565683058697
Momentum,2023-03-31,0.40659340659340654,13.0,1.4084808764845813
Momentum,2023-04-30,0.12637362637362637,13.0,0.4377710832316942
Momentum,2023-05-31,-0.021978021978021976,13.0,-0.07613410143159899
Momentum,2023-06-30,0.4230769230769231,13.0,1.4655814525582807
Momentum,2023-07-31,-0.24725274725274726,13.0,-0.8565086411054887
Momentum,2023-08-31,-0.17032967032967034,13.0,-0.5900392860948922
Momentum,2023-09-30,-0.24725274725274726,13.0,-0.8565086411054887
Momentum,2023-10-31,-0.12087912087912088,13.0,-0.41873755787379446
Momentum,2023-11-30,0.21428571428571427,13.0,0.7423074889580902
Momentum,2023-12-31,0.04395604395604395,13.0,0.15226820286319798
Momentum,2024-01-31,0.6978021978021978,13.0,2.417257720453268
Momentum,2024-02-29,0.2087912087912088,13.0,0.7232739636001905
Momentum,2024-03-31,-0.3736263736263736,13.0,-1.2942797243371829
Momentum,2024-04-30,0.6428571428571429,13.0,2.226922466874271
Momentum,2024-05-31,0.21428571428571427,13.0,0.7423074889580902
Momentum,2024-06-30,-0.3131868131868132,13.0,-1.0849109454002857
Momentum,2024-07-31,0.5439560439560439,13.0,1.884319010432075
Momentum,2024-08-31,0.4945054945054945,13.0,1.7130172822109775
Momentum,2024-09-30,0.21978021978021978,13.0,0.76134101431599
Momentum,2024-10-31,0.47802197802197804,13.0,1.6559167061372784
Momentum,2024-11-30,-0.4230769230769231,13.0,-1.4655814525582807
Momentum,2024-12-31,0.4505494505494505,13.0,1.5607490793477792
Momentum,2025-01-31,-0.2747252747252747,13.0,-0.9516762678949874
Momentum,2025-02-28,0.0934065934065934,13.0,0.3235699310842957
Momentum,2025-03-31,0.6373626373626374,13.0,2.207888941516371
Momentum,2025-04-30,0.07692307692307691,13.0,0.26646935501059643
Momentum,2025-05-31,0.0879120879120879,13.0,0.30453640572639595
Momentum,2025-06-30,-0.07692307692307691,13.0,-0.26646935501059643
Momentum,2025-07-31,0.2802197802197803,13.0,0.9707097932528874
Momentum,2025-08-31,0.39010989010989006,13.0,1.351380300410882
Momentum,2025-09-30,0.016483516483516484,13.0,0.05710057607369925
Momentum,2025-10-31,0.09890109890109891,13.0,0.34260345644219553
Momentum,2025-11-30,0.6208791208791209,13.0,2.1507883654426716
Momentum,2025-12-31,0.6373626373626374,13.0,2.207888941516371
Momentum,2026-01-31,0.6923076923076923,13.0,2.398224195095368
Momentum,2026-02-28,-0.6428571428571429,13.0,-2.226922466874271
Momentum,2026-03-31,0.054945054945054944,13.0,0.1903352535789975
Momentum,2026-04-30,0.06043956043956044,13.0,0.20936877893689723
Momentum,2026-05-31,0.12637362637362637,13.0,0.4377710832316942
Momentum,2026-06-30,-0.3516483516483516,13.0,-1.2181456229055838
Momentum,2026-07-31,0.08241758241758242,13.0,0.28550288036849625
Pooled ridge,2013-01-31,-0.028571428571428574,6.0,-0.063887656499994
Pooled ridge,2013-02-28,-0.42857142857142866,7.0,-1.049781318335648
Pooled ridge,2013-03-31,-0.39285714285714296,7.0,-0.9622995418076773
Pooled ridge,2013-04-30,-0.7142857142857144,7.0,-1.7496355305594131
Pooled ridge,2013-05-31,-0.5,7.0,-1.224744871391589
Pooled ridge,2013-06-30,0.28571428571428575,7.0,0.6998542122237652
Pooled ridge,2013-07-31,0.7500000000000002,7.0,1.8371173070873839
Pooled ridge,2013-08-31,-0.39285714285714296,7.0,-0.9622995418076773
Pooled ridge,2013-09-30,-0.8571428571428573,7.0,-2.099562636671296
Pooled ridge,2013-10-31,-0.9642857142857145,7.0,-2.362007966255208
Pooled ridge,2013-11-30,-0.8928571428571429,7.0,-2.187044413199266
Pooled ridge,2013-12-31,0.7857142857142859,7.0,1.9245990836153546
Pooled ridge,2014-01-31,-0.28571428571428575,7.0,-0.6998542122237652
Pooled ridge,2014-02-28,-0.5714285714285715,7.0,-1.3997084244475304
Pooled ridge,2014-03-31,0.4642857142857144,7.0,1.1372630948636187
Pooled ridge,2014-04-30,0.25,7.0,0.6123724356957945
Pooled ridge,2014-05-31,-0.28571428571428575,7.0,-0.6998542122237652
Pooled ridge,2014-06-30,0.21428571428571433,7.0,0.524890659167824
Pooled ridge,2014-07-31,0.14285714285714288,7.0,0.3499271061118826
Pooled ridge,2014-08-31,-0.5714285714285715,7.0,-1.3997084244475304
Pooled ridge,2014-09-30,-0.3571428571428572,7.0,-0.8748177652797066
Pooled ridge,2014-10-31,-0.8571428571428573,7.0,-2.099562636671296
Pooled ridge,2014-11-30,0.8571428571428573,7.0,2.099562636671296
Pooled ridge,2014-12-31,-0.42857142857142866,7.0,-1.049781318335648
Pooled ridge,2015-01-31,-0.5,7.0,-1.224744871391589
Pooled ridge,2015-02-28,0.42857142857142866,7.0,1.049781318335648
Pooled ridge,2015-03-31,0.07142857142857144,7.0,0.1749635530559413
Pooled ridge,2015-04-30,-0.07142857142857144,7.0,-0.1749635530559413
Pooled ridge,2015-05-31,-0.7500000000000002,7.0,-1.8371173070873839
Pooled ridge,2015-06-30,-0.28571428571428575,7.0,-0.6998542122237652
Pooled ridge,2015-07-31,-0.9642857142857145,7.0,-2.362007966255208
Pooled ridge,2015-08-31,-0.03571428571428572,7.0,-0.08748177652797065
Pooled ridge,2015-09-30,-0.14285714285714288,7.0,-0.3499271061118826
Pooled ridge,2015-10-31,0.10714285714285716,7.0,0.262445329583912
Pooled ridge,2015-11-30,-0.04761904761904763,8.0,-0.12598815766974245
Pooled ridge,2015-12-31,-0.2142857142857143,8.0,-0.566946709513841
Pooled ridge,2016-01-31,0.4047619047619048,8.0,1.0708993401928106
Pooled ridge,2016-02-29,-0.6666666666666669,8.0,-1.7638342073763944
Pooled ridge,2016-03-31,0.023809523809523815,8.0,0.06299407883487122
Pooled ridge,2016-04-30,0.023809523809523815,8.0,0.06299407883487122
Pooled ridge,2016-05-31,0.3333333333333334,8.0,0.8819171036881972
Pooled ridge,2016-06-30,0.0,8.0,0.0
Pooled ridge,2016-07-31,-0.2380952380952381,8.0,-0.6299407883487121
Pooled ridge,2016-08-31,-0.04761904761904763,8.0,-0.12598815766974245
Pooled ridge,2016-09-30,-0.19047619047619052,8.0,-0.5039526306789698
Pooled ridge,2016-10-31,0.11666666666666665,9.0,0.3299831645537222
Pooled ridge,2016-11-30,0.7999999999999999,9.0,2.262741699796952
Pooled ridge,2016-12-31,-0.33333333333333337,9.0,-0.9428090415820636
Pooled ridge,2017-01-31,-0.13333333333333333,9.0,-0.37712361663282534
Pooled ridge,2017-02-28,0.25,9.0,0.7071067811865476
Pooled ridge,2017-03-31,0.39999999999999997,9.0,1.131370849898476
Pooled ridge,2017-04-30,0.5833333333333334,9.0,1.649915822768611
Pooled ridge,2017-05-31,0.6,9.0,1.697056274847714
Pooled ridge,2017-06-30,0.2833333333333333,9.0,0.8013876853447539
Pooled ridge,2017-07-31,-0.16666666666666669,9.0,-0.4714045207910318
Pooled ridge,2017-08-31,0.03333333333333333,9.0,0.09428090415820634
Pooled ridge,2017-09-30,0.65,9.0,1.8384776310850237
Pooled ridge,2017-10-31,0.7,9.0,1.9798989873223332
Pooled ridge,2017-11-30,0.16666666666666669,9.0,0.4714045207910318
Pooled ridge,2017-12-31,0.7666666666666667,9.0,2.168460795638746
Pooled ridge,2018-01-31,-0.08333333333333334,9.0,-0.2357022603955159
Pooled ridge,2018-02-28,-0.6333333333333333,9.0,-1.7913371790059205
Pooled ridge,2018-03-31,0.9,9.0,2.5455844122715714
Pooled ridge,2018-04-30,0.5666666666666667,9.0,1.6027753706895078
Pooled ridge,2018-05-31,-0.2833333333333333,9.0,-0.8013876853447539
Pooled ridge,2018-06-30,0.13333333333333333,9.0,0.37712361663282534
Pooled ridge,2018-07-31,0.7999999999999999,9.0,2.262741699796952
Pooled ridge,2018-08-31,0.2833333333333333,9.0,0.8013876853447539
Pooled ridge,2018-09-30,-0.6333333333333333,9.0,-1.7913371790059205
Pooled ridge,2018-10-31,0.18333333333333335,9.0,0.5185449728701349
Pooled ridge,2018-11-30,-0.5666666666666667,9.0,-1.6027753706895078
Pooled ridge,2018-12-31,0.9166666666666666,9.0,2.592724864350674
Pooled ridge,2019-01-31,0.0,9.0,0.0
Pooled ridge,2019-02-28,-0.03333333333333333,9.0,-0.09428090415820634
Pooled ridge,2019-03-31,-0.2833333333333333,9.0,-0.8013876853447539
Pooled ridge,2019-04-30,-0.016666666666666666,9.0,-0.04714045207910317
Pooled ridge,2019-05-31,0.6,9.0,1.697056274847714
Pooled ridge,2019-06-30,0.5333333333333333,9.0,1.5084944665313014
Pooled ridge,2019-07-31,-0.049999999999999996,9.0,-0.1414213562373095
Pooled ridge,2019-08-31,-0.08333333333333334,9.0,-0.2357022603955159
Pooled ridge,2019-09-30,0.11666666666666665,9.0,0.3299831645537222
Pooled ridge,2019-10-31,0.21666666666666667,9.0,0.6128258770283412
Pooled ridge,2019-11-30,0.2833333333333333,9.0,0.8013876853447539
Pooled ridge,2019-12-31,0.35,9.0,0.9899494936611666
Pooled ridge,2020-01-31,-0.65,9.0,-1.8384776310850237
Pooled ridge,2020-02-29,-0.5666666666666667,9.0,-1.6027753706895078
Pooled ridge,2020-03-31,0.7666666666666667,9.0,2.168460795638746
Pooled ridge,2020-04-30,0.7666666666666667,9.0,2.168460795638746
Pooled ridge,2020-05-31,0.7212121212121211,10.0,2.163636363636363
Pooled ridge,2020-06-30,-0.5545454545454546,11.0,-1.7536267024570105
Pooled ridge,2020-07-31,-0.7636363636363637,11.0,-2.41483021321949
Pooled ridge,2020-08-31,0.36363636363636365,11.0,1.149919149152138
Pooled ridge,2020-09-30,-0.24175824175824176,13.0,-0.8374751157475889
Pooled ridge,2020-10-31,0.7087912087912087,13.0,2.4553247711690673
Pooled ridge,2020-11-30,0.6373626373626374,13.0,2.207888941516371
Pooled ridge,2020-12-31,-0.5989010989010989,13.0,-2.074654264011073
Pooled ridge,2021-01-31,-0.13186813186813187,13.0,-0.456804608589594
Pooled ridge,2021-02-28,-0.34615384615384615,13.0,-1.199112097547684
Pooled ridge,2021-03-31,0.5054945054945055,13.0,1.751084332926777
Pooled ridge,2021-04-30,-0.3516483516483516,13.0,-1.2181456229055838
Pooled ridge,2021-05-31,-0.12087912087912088,13.0,-0.41873755787379446
Pooled ridge,2021-06-30,0.4010989010989011,13.0,1.3894473511266818
Pooled ridge,2021-07-31,0.14835164835164835,13.0,0.5139051846632933
Pooled ridge,2021-08-31,0.26373626373626374,13.0,0.913609217179188
Pooled ridge,2021-09-30,0.3736263736263736,13.0,1.2942797243371829
Pooled ridge,2021-10-31,0.03296703296703297,13.0,0.1142011521473985
Pooled ridge,2021-11-30,0.22527472527472525,13.0,0.7803745396738896
Pooled ridge,2021-12-31,-0.14835164835164835,13.0,-0.5139051846632933
Pooled ridge,2022-01-31,0.33516483516483514,13.0,1.1610450468318847
Pooled ridge,2022-02-28,0.7637362637362637,13.0,2.645660024748065
Pooled ridge,2022-03-31,0.027472527472527472,13.0,0.09516762678949875
Pooled ridge,2022-04-30,0.14835164835164835,13.0,0.5139051846632933
Pooled ridge,2022-05-31,-0.6263736263736264,13.0,-2.1698218908005713
Pooled ridge,2022-06-30,-0.0879120879120879,13.0,-0.30453640572639595
Pooled ridge,2022-07-31,-0.1043956043956044,13.0,-0.36163698180009524
Pooled ridge,2022-08-31,-0.2087912087912088,13.0,-0.7232739636001905
Pooled ridge,2022-09-30,0.3736263736263736,13.0,1.2942797243371829
Pooled ridge,2022-10-31,-0.1043956043956044,13.0,-0.36163698180009524
Pooled ridge,2022-11-30,-0.6208791208791209,13.0,-2.1507883654426716
Pooled ridge,2022-12-31,0.521978021978022,13.0,1.8081849090004762
Pooled ridge,2023-01-31,-0.4945054945054945,13.0,-1.7130172822109775
Pooled ridge,2023-02-28,-0.08241758241758242,13.0,-0.28550288036849625
Pooled ridge,2023-03-31,-0.06593406593406594,13.0,-0.228402304294797
Pooled ridge,2023-04-30,0.08241758241758242,13.0,0.28550288036849625
Pooled ridge,2023-05-31,0.5164835164835164,13.0,1.7891513836425763
Pooled ridge,2023-06-30,0.4945054945054945,13.0,1.7130172822109775
Pooled ridge,2023-07-31,-0.30769230769230765,13.0,-1.0658774200423857
Pooled ridge,2023-08-31,0.09890109890109891,13.0,0.34260345644219553
Pooled ridge,2023-09-30,-0.1043956043956044,13.0,-0.36163698180009524
Pooled ridge,2023-10-31,-0.016483516483516484,13.0,-0.05710057607369925
Pooled ridge,2023-11-30,0.5934065934065934,13.0,2.055620738653173
Pooled ridge,2023-12-31,-0.24175824175824176,13.0,-0.8374751157475889
Pooled ridge,2024-01-31,0.7307692307692307,13.0,2.5314588726006666
Pooled ridge,2024-02-29,0.005494505494505494,13.0,0.019033525357899747
Pooled ridge,2024-03-31,-0.39560439560439564,13.0,-1.3704138257687821
Pooled ridge,2024-04-30,0.6263736263736264,13.0,2.1698218908005713
Pooled ridge,2024-05-31,0.0879120879120879,13.0,0.30453640572639595
Pooled ridge,2024-06-30,0.22527472527472525,13.0,0.7803745396738896
Pooled ridge,2024-07-31,0.2967032967032967,13.0,1.0278103693265865
Pooled ridge,2024-08-31,0.3186813186813187,13.0,1.1039444707581856
Pooled ridge,2024-09-30,0.14285714285714285,13.0,0.49487165930539345
Pooled ridge,2024-10-31,0.39010989010989006,13.0,1.351380300410882
Pooled ridge,2024-11-30,-0.42857142857142855,13.0,-1.4846149779161804
Pooled ridge,2024-12-31,0.5,13.0,1.7320508075688772
Pooled ridge,2025-01-31,-0.1868131868131868,13.0,-0.6471398621685914
Pooled ridge,2025-02-28,0.2692307692307692,13.0,0.9326427425370877
Pooled ridge,2025-03-31,0.7362637362637362,13.0,2.5504923979585663
Pooled ridge,2025-04-30,0.5274725274725275,13.0,1.827218434358376
Pooled ridge,2025-05-31,0.43956043956043955,13.0,1.52268202863198
Pooled ridge,2025-06-30,0.15934065934065936,13.0,0.5519722353790928
Pooled ridge,2025-07-31,0.43956043956043955,13.0,1.52268202863198
Pooled ridge,2025-08-31,0.3021978021978022,13.0,1.0468438946844862
Pooled ridge,2025-09-30,0.15384615384615383,13.0,0.5329387100211929
Pooled ridge,2025-10-31,0.1043956043956044,13.0,0.36163698180009524
Pooled ridge,2025-11-30,0.6318681318681317,13.0,2.1888554161584706
Pooled ridge,2025-12-31,0.7252747252747254,13.0,2.5124253472427673
Pooled ridge,2026-01-31,0.6043956043956044,13.0,2.0936877893689725
Pooled ridge,2026-02-28,-0.22527472527472525,13.0,-0.7803745396738896
Pooled ridge,2026-03-31,0.35714285714285715,13.0,1.2371791482634837
Pooled ridge,2026-04-30,0.4945054945054945,13.0,1.7130172822109775
Pooled ridge,2026-05-31,0.10989010989010989,13.0,0.380670507157995
Pooled ridge,2026-06-30,-0.35714285714285715,13.0,-1.2371791482634837
Pooled ridge,2026-07-31,0.7252747252747254,13.0,2.5124253472427673
Pooled GBDT,2013-01-31,0.6172133998483676,6.0,1.3801311186847085
Pooled GBDT,2013-02-28,0.03603749850782236,7.0,0.08827348295047495
Pooled GBDT,2013-03-31,-0.28867513459481287,7.0,-0.7071067811865475
Pooled GBDT,2013-04-30,-0.6666937223947136,7.0,-1.6330594345837863
Pooled GBDT,2013-05-31,0.07207499701564472,7.0,0.1765469659009499
Pooled GBDT,2013-06-30,0.8928571428571429,7.0,2.187044413199266
Pooled GBDT,2013-07-31,-0.28867513459481287,7.0,-0.7071067811865475
Pooled GBDT,2013-08-31,0.6306562238868914,7.0,1.5447859516333118
Pooled GBDT,2013-09-30,0.2834733547569205,7.0,0.6943650748294137
Pooled GBDT,2013-10-31,-0.5585812268712466,7.0,-1.3682389857323616
Pooled GBDT,2013-11-30,0.5776938278449569,7.0,1.415055105775373
Pooled GBDT,2013-12-31,0.21821789023599242,7.0,0.5345224838248488
Pooled GBDT,2014-01-31,0.28571428571428575,7.0,0.6998542122237652
Pooled GBDT,2014-02-28,0.07142857142857144,7.0,0.1749635530559413
Pooled GBDT,2014-03-31,0.21428571428571433,7.0,0.524890659167824
Pooled GBDT,2014-04-30,0.21428571428571433,7.0,0.524890659167824
Pooled GBDT,2014-05-31,-0.14285714285714288,7.0,-0.3499271061118826
Pooled GBDT,2014-06-30,0.14285714285714288,7.0,0.3499271061118826
Pooled GBDT,2014-07-31,0.5357142857142858,7.0,1.31222664791956
Pooled GBDT,2014-08-31,0.1785714285714286,7.0,0.4374088826398533
Pooled GBDT,2014-09-30,0.3571428571428572,7.0,0.8748177652797066
Pooled GBDT,2014-10-31,0.642857142857143,7.0,1.5746719775034719
Pooled GBDT,2014-11-30,0.1785714285714286,7.0,0.4374088826398533
Pooled GBDT,2014-12-31,-0.39285714285714296,7.0,-0.9622995418076773
Pooled GBDT,2015-01-31,0.25,7.0,0.6123724356957945
Pooled GBDT,2015-02-28,-0.1785714285714286,7.0,-0.4374088826398533
Pooled GBDT,2015-03-31,-0.3571428571428572,7.0,-0.8748177652797066
Pooled GBDT,2015-04-30,0.6785714285714287,7.0,1.6621537540314424
Pooled GBDT,2015-05-31,-0.3571428571428572,7.0,-0.8748177652797066
Pooled GBDT,2015-06-30,-0.03571428571428572,7.0,-0.08748177652797065
Pooled GBDT,2015-07-31,-0.8928571428571429,7.0,-2.187044413199266
Pooled GBDT,2015-08-31,-0.1785714285714286,7.0,-0.4374088826398533
Pooled GBDT,2015-09-30,0.3571428571428572,7.0,0.8748177652797066
Pooled GBDT,2015-10-31,-0.37839373433213486,7.0,-0.9268715709799872
Pooled GBDT,2015-11-30,-0.19047619047619052,8.0,-0.5039526306789698
Pooled GBDT,2015-12-31,-0.261904761904762,8.0,-0.6929348671835834
Pooled GBDT,2016-01-31,-0.012354155277685021,8.0,-0.032686022523030676
Pooled GBDT,2016-02-29,-0.07229440390678199,8.0,-0.1912730139190015
Pooled GBDT,2016-03-31,-0.30122668294492494,8.0,-0.796970891329173
Pooled GBDT,2016-04-30,0.6586944440522925,8.0,1.7427416889423146
Pooled GBDT,2016-05-31,0.012049067317796999,8.0,0.031878835653166925
Pooled GBDT,2016-06-30,0.4071929290505081,8.0,1.0773312258916126
Pooled GBDT,2016-07-31,0.29095718698132317,8.0,0.769800358919501
Pooled GBDT,2016-08-31,-0.6024533658898499,8.0,-1.593941782658346
Pooled GBDT,2016-09-30,-0.02395252523826518,8.0,-0.0633724250524478
Pooled GBDT,2016-10-31,-0.0420182903408009,9.0,-0.11884567213538211
Pooled GBDT,2016-11-30,0.5277790490704242,9.0,1.4927845782635383
Pooled GBDT,2016-12-31,-0.31033051968271,9.0,-0.8777472595071585
Pooled GBDT,2017-01-31,0.6025157343041205,9.0,1.704171845992143
Pooled GBDT,2017-02-28,0.20920685218893076,9.0,0.5917263354139386
Pooled GBDT,2017-03-31,0.24267994853915967,9.0,0.6864025490801688
Pooled GBDT,2017-04-30,0.06666666666666667,9.0,0.18856180831641267
Pooled GBDT,2017-05-31,0.5523060897787772,9.0,1.562157525492798
Pooled GBDT,2017-06-30,0.25104822262671694,9.0,0.7100716024967265
Pooled GBDT,2017-07-31,0.25104822262671694,9.0,0.7100716024967265
Pooled GBDT,2017-08-31,-0.2833333333333333,9.0,-0.8013876853447539
Pooled GBDT,2017-09-30,0.5333333333333333,9.0,1.5084944665313014
Pooled GBDT,2017-10-31,0.4184137043778615,9.0,1.1834526708278772
Pooled GBDT,2017-11-30,0.5933055656682091,9.0,1.6781215551988446
Pooled GBDT,2017-12-31,0.34454998079456733,9.0,0.9745345115101332
Pooled GBDT,2018-01-31,-0.45,9.0,-1.2727922061357857
Pooled GBDT,2018-02-28,-0.2928895930645031,9.0,-0.8284168695795141
Pooled GBDT,2018-03-31,0.3666666666666667,9.0,1.0370899457402698
Pooled GBDT,2018-04-30,0.5499999999999999,9.0,1.5556349186104044
Pooled GBDT,2018-05-31,0.31666666666666665,9.0,0.8956685895029602
Pooled GBDT,2018-06-30,0.3,9.0,0.848528137423857
Pooled GBDT,2018-07-31,0.7029350233548074,9.0,1.988200486990834
Pooled GBDT,2018-08-31,0.06780635036208103,9.0,0.19178532059415365
Pooled GBDT,2018-09-30,-0.7666666666666667,9.0,-2.168460795638746
Pooled GBDT,2018-10-31,-0.5166666666666667,9.0,-1.4613540144521984
Pooled GBDT,2018-11-30,-0.6050633809075329,9.0,-1.711377678749502
Pooled GBDT,2018-12-31,0.7119666788018509,9.0,2.013745866238614
Pooled GBDT,2019-01-31,0.567733589433837,9.0,1.6057930839841816
Pooled GBDT,2019-02-28,0.5179323973782373,9.0,1.464934041529429
Pooled GBDT,2019-03-31,0.6772962119561564,9.0,1.9156829773846378
Pooled GBDT,2019-04-30,0.09128709291752768,9.0,0.2581988897471611
Pooled GBDT,2019-05-31,0.8067793113007158,9.0,2.281916487766995
Pooled GBDT,2019-06-30,-0.27386127875258304,9.0,-0.7745966692414834
Pooled GBDT,2019-07-31,-0.45643546458763845,9.0,-1.2909944487358058
Pooled GBDT,2019-08-31,0.567733589433837,9.0,1.6057930839841816
Pooled GBDT,2019-09-30,0.6390096504226938,9.0,1.8073922282301278
Pooled GBDT,2019-10-31,0.6772962119561564,9.0,1.9156829773846378
Pooled GBDT,2019-11-30,0.867227382716513,9.0,2.452889452598031
Pooled GBDT,2019-12-31,0.0,9.0,0.0
Pooled GBDT,2020-01-31,-0.5333333333333333,9.0,-1.5084944665313014
Pooled GBDT,2020-02-29,-0.8666666666666667,9.0,-2.451303508113365
Pooled GBDT,2020-03-31,0.21666666666666667,9.0,0.6128258770283412
Pooled GBDT,2020-04-30,0.6833333333333333,9.0,1.9327585352432302
Pooled GBDT,2020-05-31,0.7454545454545454,10.0,2.2363636363636363
Pooled GBDT,2020-06-30,0.28181818181818186,11.0,0.891187340592907
Pooled GBDT,2020-07-31,0.44545454545454555,11.0,1.4086509577113693
Pooled GBDT,2020-08-31,0.7545454545454545,11.0,2.3860822344906865
Pooled GBDT,2020-09-30,0.027472527472527472,13.0,0.09516762678949875
Pooled GBDT,2020-10-31,0.06043956043956044,13.0,0.20936877893689723
Pooled GBDT,2020-11-30,-0.07142857142857142,13.0,-0.24743582965269673
Pooled GBDT,2020-12-31,-0.48901098901098894,13.0,-1.6939837568530773
Pooled GBDT,2021-01-31,0.2353468933869107,13.0,0.8152655534992502
Pooled GBDT,2021-02-28,0.30463101793115455,13.0,1.0552728012363706
Pooled GBDT,2021-03-31,0.3964906529101055,13.0,1.3734839111329191
Pooled GBDT,2021-04-30,-0.11847731841632904,13.0,-0.41041747008319546
Pooled GBDT,2021-05-31,-0.24233150736997539,13.0,-0.8394609660790984
Pooled GBDT,2021-06-30,0.41824600588810085,13.0,1.448846664521885
Pooled GBDT,2021-07-31,0.36737824841522376,13.0,1.2726355837016559
Pooled GBDT,2021-08-31,-0.07756500524512588,13.0,-0.26869305994780895
Pooled GBDT,2021-09-30,0.5983586118909713,13.0,2.072775033883098
Pooled GBDT,2021-10-31,-0.4841056290979034,13.0,-1.676991091655326
Pooled GBDT,2021-11-30,0.1458048146883933,13.0,0.5050826940569242
Pooled GBDT,2021-12-31,-0.14661484766965074,13.0,-0.507888730615613
Pooled GBDT,2022-01-31,-0.532967032967033,13.0,-1.8462519597162756
Pooled GBDT,2022-02-28,0.21428571428571427,13.0,0.7423074889580902
Pooled GBDT,2022-03-31,-0.6244847723446278,13.0,-2.163278708507958
Pooled GBDT,2022-04-30,0.13736263736263735,13.0,0.4758381339474937
Pooled GBDT,2022-05-31,-0.9463557783548546,13.0,-3.2782725802939985
Pooled GBDT,2022-06-30,0.7624425757515653,13.0,2.641178558110787
Pooled GBDT,2022-07-31,-0.4450549450549451,13.0,-1.5417155539898797
Pooled GBDT,2022-08-31,-0.6318681318681317,13.0,-2.1888554161584706
Pooled GBDT,2022-09-30,0.7192426489454565,13.0,2.491529621887913
Pooled GBDT,2022-10-31,0.5714285714285714,13.0,1.9794866372215738
Pooled GBDT,2022-11-30,-0.45942271798040907,13.0,-1.5914869793869122
Pooled GBDT,2022-12-31,0.7527472527472527,13.0,2.6075929740322654
Pooled GBDT,2023-01-31,-0.32967032967032966,13.0,-1.142011521473985
Pooled GBDT,2023-02-28,0.37912087912087916,13.0,1.3133132496950828
Pooled GBDT,2023-03-31,0.1758241758241758,13.0,0.6090728114527919
Pooled GBDT,2023-04-30,-0.0879120879120879,13.0,-0.30453640572639595
Pooled GBDT,2023-05-31,-0.016483516483516484,13.0,-0.05710057607369925
Pooled GBDT,2023-06-30,0.6923076923076923,13.0,2.398224195095368
Pooled GBDT,2023-07-31,-0.15384615384615383,13.0,-0.5329387100211929
Pooled GBDT,2023-08-31,0.2582417582417582,13.0,0.8945756918212882
Pooled GBDT,2023-09-30,-0.47802197802197804,13.0,-1.6559167061372784
Pooled GBDT,2023-10-31,0.30769230769230765,13.0,1.0658774200423857
Pooled GBDT,2023-11-30,0.43956043956043955,13.0,1.52268202863198
Pooled GBDT,2023-12-31,-0.6868131868131868,13.0,-2.3791906697374685
Pooled GBDT,2024-01-31,0.5116923685290784,13.0,1.7725543602752436
Pooled GBDT,2024-02-29,0.21978021978021978,13.0,0.76134101431599
Pooled GBDT,2024-03-31,-0.3829215631988165,13.0,-1.3264792055480938
Pooled GBDT,2024-04-30,0.41322470848793147,13.0,1.4314523800878711
Pooled GBDT,2024-05-31,0.09193092226364111,13.0,0.3184580562945825
Pooled GBDT,2024-06-30,-0.10989010989010989,13.0,-0.380670507157995
Pooled GBDT,2024-07-31,0.04395604395604395,13.0,0.15226820286319798
Pooled GBDT,2024-08-31,0.021978021978021976,13.0,0.07613410143159899
Pooled GBDT,2024-09-30,0.0934065934065934,13.0,0.3235699310842957
Pooled GBDT,2024-10-31,0.49518616309265656,13.0,1.715375187363139
Pooled GBDT,2024-11-30,-0.5969744299505915,13.0,-2.067980086987784
Pooled GBDT,2024-12-31,0.5494505494505494,13.0,1.9033525357899748
Pooled GBDT,2025-01-31,-0.05571571046281278,13.0,-0.19300488260277723
Pooled GBDT,2025-02-28,0.07977999294270578,13.0,0.27636600240850573
Pooled GBDT,2025-03-31,0.46153846153846156,13.0,1.598816130063579
Pooled GBDT,2025-04-30,0.7317751076813702,13.0,2.534943332436639
Pooled GBDT,2025-05-31,0.41046987709801197,13.0,1.4219093642206189
Pooled GBDT,2025-06-30,0.06602482174568754,13.0,0.2287166916484185
Pooled GBDT,2025-07-31,0.06887078474798858,13.0,0.23857539668131186
Pooled GBDT,2025-08-31,0.22438447945911422,13.0,0.7772906377061618
Pooled GBDT,2025-09-30,-0.10754391559468729,13.0,-0.37254305170979457
Pooled GBDT,2025-10-31,0.17355437756493122,13.0,0.6012099996369059
Pooled GBDT,2025-11-30,0.27272830760203476,13.0,0.9447585708579949
Pooled GBDT,2025-12-31,0.2651974176527183,13.0,0.9186708028211431
Pooled GBDT,2026-01-31,0.5674952663234258,13.0,1.9658612686540096
Pooled GBDT,2026-02-28,-0.3328751429678413,13.0,-1.15311332039411
Pooled GBDT,2026-03-31,0.4230769230769231,13.0,1.4655814525582807
Pooled GBDT,2026-04-30,0.21428571428571427,13.0,0.7423074889580902
Pooled GBDT,2026-05-31,0.21978021978021978,13.0,0.76134101431599
Pooled GBDT,2026-06-30,-0.32417582417582413,13.0,-1.122977996116085
Pooled GBDT,2026-07-31,0.6318681318681317,13.0,2.1888554161584706
